ID;Question;Latence_sec;Tokens_Input;Tokens_Output;Cout_USD;Score_Juge;Justification_Juge
1;"Un propriétaire bailleur souhaite donner congé pour vendre à son locataire. Le locataire a 66 ans et des revenus annuels de 18 000€. Le bailleur a 64 ans mais ses revenus sont de 35 000€. Le congé est-il valable sans offre de relogement ?";31.10;2560;1396;0.01350;1;"L'IA a correctement identifié la protection spécifique des locataires âgés aux revenus modestes et a appliqué les règles pertinentes, concluant que le bailleur doit proposer une offre de relogement."
2;"Une assemblée générale vote à la majorité de l'article 24 la réfection de la toiture. Un copropriétaire s'y oppose au motif que le règlement de copropriété (datant de 1985) prévoit l'unanimité. Que prévaut entre le RC et la loi SRU sur ce vote ?";29.04;2562;1619;0.01484;1;"L'IA a correctement identifié que la loi SRU prévaut sur le règlement de copropriété et a appliqué la bonne exception légale concernant les travaux d'entretien des parties communes."
3;"Un locataire signe une convention d'occupation précaire de 30 mois pour exploiter un fonds de commerce. À l'issue des 30 mois, il reste dans les lieux sans opposition du bailleur. Quelle est la nature de son bail désormais ?";35.33;2556;1869;0.01633;1;"L'IA a correctement identifié que la convention d'occupation précaire ne se reconduit pas tacitement et a mentionné les conditions sous lesquelles une requalification en bail commercial pourrait se produire, en s'appuyant sur des références légales pertinentes."
4;"La mairie exerce son droit de préemption urbain (DPU) à un prix inférieur de 30% au prix du compromis signé. L'agent immobilier perd-il définitivement sa commission si le vendeur accepte le prix de la mairie ?";27.80;2553;1934;0.01671;1;"L'IA a correctement identifié que la commission de l'agent immobilier peut être préservée si le mandat de vente contient une clause explicite prévoyant le paiement de la commission en cas d'exercice du DPU."
5;"Après l'achat, l'acquéreur découvre une servitude de tréfonds (canalisation enterrée) non mentionnée dans l'acte de vente. Le vendeur prétendait l'ignorer. L'acquéreur peut-il demander la nullité de la vente ?";7.33;2553;588;0.00863;1;"L'IA a correctement identifié l'obligation de déclaration des servitudes, a cité des jurisprudences pertinentes et a expliqué les possibilités de nullité de la vente ainsi que d'indemnisation, démontrant une compréhension approfondie du droit immobilier français."
6;"Un mandat exclusif de vente a été signé électroniquement hors établissement (au domicile du vendeur). L'agent immobilier trouve un acquéreur au prix 5 jours après. Le vendeur peut-il se rétracter de son mandat et refuser la vente ?";22.47;2558;1016;0.01121;1;"L'IA a correctement identifié le délai de rétractation de 14 jours applicable au mandat exclusif signé hors établissement et a précisé les conditions d'exception, démontrant une compréhension précise des règles légales pertinentes."
7;"Un locataire en zone tendue (Paris) envoie son préavis de départ d'un mois par mail avec accusé de lecture, arguant de l'urgence de sa mutation. Le préavis est-il juridiquement valable à la date d'envoi du mail ?";18.17;2553;1042;0.01136;1;"L'IA a correctement identifié que le préavis doit être notifié par un moyen légalement reconnu et a cité les articles pertinents ainsi que la jurisprudence pour justifier la non-validité du préavis envoyé par mail."
8;"Pour l'isolation thermique par l'extérieur (ITE) d'un immeuble en copropriété, l'isolant doit empiéter de 15 cm sur la propriété voisine. Le voisin refuse catégoriquement. La copropriété peut-elle forcer le passage avec la loi Climat ?";29.11;2559;1442;0.01377;0;"L'IA n'a pas mentionné l'exception du droit de surplomb ni l'indemnité potentielle, et n'a pas correctement appliqué les dispositions de la loi Climat et Résilience concernant l'empiètement."
9;"Le DPE fourni lors du compromis classait le bien en D. Le lendemain de l'acte authentique, l'acquéreur refait un DPE qui classe le bien en F. Peut-il se retourner contre le diagnostiqueur et demander le coût des travaux ?";38.74;2556;2069;0.01753;1;"L'IA a correctement identifié la responsabilité du diagnostiqueur en cas d'erreur manifeste dans le DPE, en se basant sur les conditions légales et les concepts clés pertinents."
10;"Un locataire cesse de payer son loyer. Le bailleur constate que le logement est abandonné (vide de meubles). Peut-il reprendre le logement immédiatement pour le relouer ?";17.06;2543;982;0.01098;1;"L'IA a correctement identifié la nécessité d'une procédure légale pour la reprise du logement, a mentionné l'exception de la remise des clés, et a cité les références légales pertinentes."
11;"Un acheteur signe un compromis avec condition suspensive d'obtention d'une Déclaration Préalable pour une piscine. La mairie ne répond pas pendant 2 mois. Le notaire refuse de passer l'acte sans papier de la mairie. A-t-il raison ?";29.39;2558;1410;0.01358;1;"L'IA a correctement appliqué la règle de la décision implicite d'acceptation après le délai de deux mois sans réponse de la mairie, en se basant sur les articles du Code de l'urbanisme et la jurisprudence pertinente."
12;"Un nu-propriétaire et un usufruitier vendent conjointement un bien démembré. Le compromis ne précise pas la répartition du prix de vente. Comment s'opère la répartition par défaut selon la loi ?";30.42;2549;1545;0.01437;1;"L'IA a correctement appliqué le barème fiscal basé sur l'âge de l'usufruitier pour la répartition du prix de vente, en se référant aux articles pertinents du Code civil et du Code général des impôts."
13;"Lors du renouvellement d'un bail commercial de 9 ans, le bailleur souhaite déplafonner le loyer car la rue est devenue piétonne, attirant beaucoup plus de clients. Est-ce un motif valable de déplafonnement ?";36.40;2552;1647;0.01499;1;"L'IA a correctement identifié que la piétonnisation de la rue constitue une modification notable des facteurs locaux de commercialité, justifiant ainsi le déplafonnement du loyer selon les critères jurisprudentiels."
14;"Un copropriétaire au rez-de-chaussée refuse de payer les charges d'ascenseur, arguant qu'il ne l'utilise jamais. Le règlement de copropriété lui impute pourtant des tantièmes d'ascenseur. Doit-il payer ?";28.25;2551;1231;0.01249;1;"L'IA a correctement appliqué le principe de répartition des charges de copropriété et a mentionné la possibilité de contester la quote-part, tout en se référant aux articles pertinents du Code de la copropriété."
15;"L'agent immobilier avec mandat exclusif organise une visite. L'acquéreur potentiel contourne l'agent et achète les parts de la SCI propriétaire du bien directement. L'agent peut-il réclamer sa commission ?";19.88;2552;1153;0.01202;1;"L'IA a correctement identifié le principe de la fraude à la commission et a expliqué les conditions nécessaires pour que l'agent puisse réclamer sa commission, en s'appuyant sur la jurisprudence pertinente."
16;"Dans une colocation à bail unique avec clause de solidarité, un colocataire donne congé. Le bailleur peut-il exiger qu'il paie le loyer de ses anciens colocataires 1 an après son départ ?";31.64;2547;1518;0.01420;1;"L'IA a correctement appliqué la règle de la solidarité des colocataires, précisant que celle-ci prend fin au plus tard six mois après le congé, conformément à l'article 8-1 de la loi du 6 juillet 1989, et a mentionné l'importance de la régularité du congé."
17;"Le vendeur en viager (crédirentier) décède 15 jours après la signature de l'acte authentique d'une maladie dont l'acquéreur n'avait pas connaissance. Les héritiers peuvent-ils faire annuler la vente ?";31.99;2550;1359;0.01325;1;"L'IA a correctement identifié les conditions nécessaires pour annuler la vente en viager en raison de l'absence d'aléa, en se basant sur des références légales pertinentes et en expliquant le vice du consentement."
18;"Un couple en instance de divorce vend sa résidence secondaire. Madame occupe le bien depuis la séparation, Monsieur vit en location ailleurs. Bénéficient-ils de l'exonération de plus-value pour résidence principale ?";21.24;2554;994;0.01107;0;"L'IA a échoué en considérant que le bien est une résidence secondaire sans mentionner la possibilité d'une exonération partielle en raison de la situation de divorce, et n'a pas correctement appliqué la jurisprudence pertinente."
19;"Un règlement de copropriété comporte une clause d'habitation bourgeoise stricte. Un copropriétaire souhaite louer son lot commercial au rez-de-chaussée en location courte durée (Airbnb). La copropriété peut-elle l'interdire ?";31.39;2557;1702;0.01533;1;"L'IA a correctement analysé la clause d'habitation bourgeoise stricte, a distingué entre les lots commerciaux et d'habitation, et a mentionné l'exception pertinente concernant les usages professionnels, tout en se référant à des articles et jurisprudences appropriés."
20;"Lors d'une vente, le notaire s'aperçoit que l'acte de naissance du vendeur (né sous X) complique la vérification de son état civil. Le délai de validité du compromis expire demain. La vente est-elle caduque ?";26.42;2552;1403;0.01352;1;"L'IA a correctement identifié que l'incertitude sur l'état civil du vendeur né sous X ne rend pas automatiquement le compromis caduc, tout en mentionnant les obligations du notaire et les implications d'une clause suspensive."